filename_fullpath,filename
/shared/ngs/illumina/agreaney/200914_D00300_1050_AHH3MTBCX3/Unaligned/Project_agreaney/expt_34-41_lib1_ref_S3_R1_001.fastq.gz,expt_34-41_lib1_ref_S3_R1_001.fastq.gz
/shared/ngs/illumina/agreaney/200914_D00300_1050_AHH3MTBCX3/Unaligned/Project_agreaney/expt_34-41_lib2_ref_S4_R1_001.fastq.gz,expt_34-41_lib2_ref_S4_R1_001.fastq.gz
/shared/ngs/illumina/agreaney/201012_D00300_1079_BHHV7TBCX3/Unaligned/Project_agreaney_lane1/expt_46-52_lib1_ref_S38_L001_R1_001.fastq.gz,expt_46-52_lib1_ref_S38_L001_R1_001.fastq.gz
/shared/ngs/illumina/agreaney/201012_D00300_1079_BHHV7TBCX3/Unaligned/Project_agreaney_lane1/expt_46-52_lib2_ref_S39_L001_R1_001.fastq.gz,expt_46-52_lib2_ref_S39_L001_R1_001.fastq.gz
/shared/ngs/illumina/agreaney/200914_D00300_1050_AHH3MTBCX3/Unaligned/Project_agreaney/expt_24-33_lib1_ref_S1_R1_001.fastq.gz,expt_24-33_lib1_ref_S1_R1_001.fastq.gz
/shared/ngs/illumina/agreaney/200914_D00300_1050_AHH3MTBCX3/Unaligned/Project_agreaney/expt_24-33_lib2_ref_S2_R1_001.fastq.gz,expt_24-33_lib2_ref_S2_R1_001.fastq.gz
/shared/ngs/illumina/agreaney/201012_D00300_1079_BHHV7TBCX3/Unaligned/Project_agreaney_lane1/expt_42-45_lib1_ref_S36_L001_R1_001.fastq.gz,expt_42-45_lib1_ref_S36_L001_R1_001.fastq.gz
/shared/ngs/illumina/agreaney/201012_D00300_1079_BHHV7TBCX3/Unaligned/Project_agreaney_lane1/expt_42-45_lib2_ref_S37_L001_R1_001.fastq.gz,expt_42-45_lib2_ref_S37_L001_R1_001.fastq.gz
/shared/ngs/illumina/agreaney/200727_D00300_1012_AHFFMGBCX3/Unaligned/Project_agreaney/Sample_expt_13-16_lib1_ref/expt_13-16_lib1_ref_AAGGTACA_L001_R1_002.fastq.gz,expt_13-16_lib1_ref_AAGGTACA_L001_R1_002.fastq.gz
/shared/ngs/illumina/agreaney/200727_D00300_1012_AHFFMGBCX3/Unaligned/Project_agreaney/Sample_expt_13-16_lib1_ref/expt_13-16_lib1_ref_AAGGTACA_L002_R1_004.fastq.gz,expt_13-16_lib1_ref_AAGGTACA_L002_R1_004.fastq.gz
/shared/ngs/illumina/agreaney/200727_D00300_1012_AHFFMGBCX3/Unaligned/Project_agreaney/Sample_expt_13-16_lib1_ref/expt_13-16_lib1_ref_AAGGTACA_L002_R1_002.fastq.gz,expt_13-16_lib1_ref_AAGGTACA_L002_R1_002.fastq.gz
/shared/ngs/illumina/agreaney/200727_D00300_1012_AHFFMGBCX3/Unaligned/Project_agreaney/Sample_expt_13-16_lib1_ref/expt_13-16_lib1_ref_AAGGTACA_L001_R1_005.fastq.gz,expt_13-16_lib1_ref_AAGGTACA_L001_R1_005.fastq.gz
/shared/ngs/illumina/agreaney/200727_D00300_1012_AHFFMGBCX3/Unaligned/Project_agreaney/Sample_expt_13-16_lib1_ref/expt_13-16_lib1_ref_AAGGTACA_L002_R1_005.fastq.gz,expt_13-16_lib1_ref_AAGGTACA_L002_R1_005.fastq.gz
/shared/ngs/illumina/agreaney/200727_D00300_1012_AHFFMGBCX3/Unaligned/Project_agreaney/Sample_expt_13-16_lib1_ref/expt_13-16_lib1_ref_AAGGTACA_L001_R1_004.fastq.gz,expt_13-16_lib1_ref_AAGGTACA_L001_R1_004.fastq.gz
/shared/ngs/illumina/agreaney/200727_D00300_1012_AHFFMGBCX3/Unaligned/Project_agreaney/Sample_expt_13-16_lib1_ref/expt_13-16_lib1_ref_AAGGTACA_L002_R1_001.fastq.gz,expt_13-16_lib1_ref_AAGGTACA_L002_R1_001.fastq.gz
/shared/ngs/illumina/agreaney/200727_D00300_1012_AHFFMGBCX3/Unaligned/Project_agreaney/Sample_expt_13-16_lib1_ref/expt_13-16_lib1_ref_AAGGTACA_L001_R1_003.fastq.gz,expt_13-16_lib1_ref_AAGGTACA_L001_R1_003.fastq.gz
/shared/ngs/illumina/agreaney/200727_D00300_1012_AHFFMGBCX3/Unaligned/Project_agreaney/Sample_expt_13-16_lib1_ref/expt_13-16_lib1_ref_AAGGTACA_L002_R1_003.fastq.gz,expt_13-16_lib1_ref_AAGGTACA_L002_R1_003.fastq.gz
/shared/ngs/illumina/agreaney/200727_D00300_1012_AHFFMGBCX3/Unaligned/Project_agreaney/Sample_expt_13-16_lib1_ref/expt_13-16_lib1_ref_AAGGTACA_L001_R1_001.fastq.gz,expt_13-16_lib1_ref_AAGGTACA_L001_R1_001.fastq.gz
/shared/ngs/illumina/agreaney/200727_D00300_1012_AHFFMGBCX3/Unaligned/Project_agreaney/Sample_expt_13-16_lib1_ref/expt_13-16_lib1_ref_AAGGTACA_L001_R1_006.fastq.gz,expt_13-16_lib1_ref_AAGGTACA_L001_R1_006.fastq.gz
/shared/ngs/illumina/agreaney/200727_D00300_1012_AHFFMGBCX3/Unaligned/Project_agreaney/Sample_expt_13-16_lib1_ref/expt_13-16_lib1_ref_AAGGTACA_L002_R1_006.fastq.gz,expt_13-16_lib1_ref_AAGGTACA_L002_R1_006.fastq.gz
/shared/ngs/illumina/agreaney/200727_D00300_1012_AHFFMGBCX3/Unaligned/Project_agreaney/Sample_expt_13-16_lib2_ref/expt_13-16_lib2_ref_ACACAGAA_L001_R1_002.fastq.gz,expt_13-16_lib2_ref_ACACAGAA_L001_R1_002.fastq.gz
/shared/ngs/illumina/agreaney/200727_D00300_1012_AHFFMGBCX3/Unaligned/Project_agreaney/Sample_expt_13-16_lib2_ref/expt_13-16_lib2_ref_ACACAGAA_L002_R1_002.fastq.gz,expt_13-16_lib2_ref_ACACAGAA_L002_R1_002.fastq.gz
/shared/ngs/illumina/agreaney/200727_D00300_1012_AHFFMGBCX3/Unaligned/Project_agreaney/Sample_expt_13-16_lib2_ref/expt_13-16_lib2_ref_ACACAGAA_L001_R1_004.fastq.gz,expt_13-16_lib2_ref_ACACAGAA_L001_R1_004.fastq.gz
/shared/ngs/illumina/agreaney/200727_D00300_1012_AHFFMGBCX3/Unaligned/Project_agreaney/Sample_expt_13-16_lib2_ref/expt_13-16_lib2_ref_ACACAGAA_L001_R1_003.fastq.gz,expt_13-16_lib2_ref_ACACAGAA_L001_R1_003.fastq.gz
/shared/ngs/illumina/agreaney/200727_D00300_1012_AHFFMGBCX3/Unaligned/Project_agreaney/Sample_expt_13-16_lib2_ref/expt_13-16_lib2_ref_ACACAGAA_L002_R1_001.fastq.gz,expt_13-16_lib2_ref_ACACAGAA_L002_R1_001.fastq.gz
/shared/ngs/illumina/agreaney/200727_D00300_1012_AHFFMGBCX3/Unaligned/Project_agreaney/Sample_expt_13-16_lib2_ref/expt_13-16_lib2_ref_ACACAGAA_L002_R1_005.fastq.gz,expt_13-16_lib2_ref_ACACAGAA_L002_R1_005.fastq.gz
/shared/ngs/illumina/agreaney/200727_D00300_1012_AHFFMGBCX3/Unaligned/Project_agreaney/Sample_expt_13-16_lib2_ref/expt_13-16_lib2_ref_ACACAGAA_L002_R1_004.fastq.gz,expt_13-16_lib2_ref_ACACAGAA_L002_R1_004.fastq.gz
/shared/ngs/illumina/agreaney/200727_D00300_1012_AHFFMGBCX3/Unaligned/Project_agreaney/Sample_expt_13-16_lib2_ref/expt_13-16_lib2_ref_ACACAGAA_L002_R1_003.fastq.gz,expt_13-16_lib2_ref_ACACAGAA_L002_R1_003.fastq.gz
/shared/ngs/illumina/agreaney/200727_D00300_1012_AHFFMGBCX3/Unaligned/Project_agreaney/Sample_expt_13-16_lib2_ref/expt_13-16_lib2_ref_ACACAGAA_L001_R1_005.fastq.gz,expt_13-16_lib2_ref_ACACAGAA_L001_R1_005.fastq.gz
/shared/ngs/illumina/agreaney/200727_D00300_1012_AHFFMGBCX3/Unaligned/Project_agreaney/Sample_expt_13-16_lib2_ref/expt_13-16_lib2_ref_ACACAGAA_L001_R1_001.fastq.gz,expt_13-16_lib2_ref_ACACAGAA_L001_R1_001.fastq.gz
/shared/ngs/illumina/agreaney/200618_D00300_0980_AHFCMJBCX3/Unaligned/Project_agreaney/Sample_expt_7-11_lib1_ACE2pos/expt_7-11_lib1_ACE2pos_AGCAGGAA_L002_R1_005.fastq.gz,expt_7-11_lib1_ACE2pos_AGCAGGAA_L002_R1_005.fastq.gz
/shared/ngs/illumina/agreaney/200618_D00300_0980_AHFCMJBCX3/Unaligned/Project_agreaney/Sample_expt_7-11_lib1_ACE2pos/expt_7-11_lib1_ACE2pos_AGCAGGAA_L001_R1_004.fastq.gz,expt_7-11_lib1_ACE2pos_AGCAGGAA_L001_R1_004.fastq.gz
/shared/ngs/illumina/agreaney/200618_D00300_0980_AHFCMJBCX3/Unaligned/Project_agreaney/Sample_expt_7-11_lib1_ACE2pos/expt_7-11_lib1_ACE2pos_AGCAGGAA_L002_R1_002.fastq.gz,expt_7-11_lib1_ACE2pos_AGCAGGAA_L002_R1_002.fastq.gz
/shared/ngs/illumina/agreaney/200618_D00300_0980_AHFCMJBCX3/Unaligned/Project_agreaney/Sample_expt_7-11_lib1_ACE2pos/expt_7-11_lib1_ACE2pos_AGCAGGAA_L002_R1_001.fastq.gz,expt_7-11_lib1_ACE2pos_AGCAGGAA_L002_R1_001.fastq.gz
/shared/ngs/illumina/agreaney/200618_D00300_0980_AHFCMJBCX3/Unaligned/Project_agreaney/Sample_expt_7-11_lib1_ACE2pos/expt_7-11_lib1_ACE2pos_AGCAGGAA_L001_R1_008.fastq.gz,expt_7-11_lib1_ACE2pos_AGCAGGAA_L001_R1_008.fastq.gz
/shared/ngs/illumina/agreaney/200618_D00300_0980_AHFCMJBCX3/Unaligned/Project_agreaney/Sample_expt_7-11_lib1_ACE2pos/expt_7-11_lib1_ACE2pos_AGCAGGAA_L001_R1_003.fastq.gz,expt_7-11_lib1_ACE2pos_AGCAGGAA_L001_R1_003.fastq.gz
/shared/ngs/illumina/agreaney/200618_D00300_0980_AHFCMJBCX3/Unaligned/Project_agreaney/Sample_expt_7-11_lib1_ACE2pos/expt_7-11_lib1_ACE2pos_AGCAGGAA_L001_R1_006.fastq.gz,expt_7-11_lib1_ACE2pos_AGCAGGAA_L001_R1_006.fastq.gz
/shared/ngs/illumina/agreaney/200618_D00300_0980_AHFCMJBCX3/Unaligned/Project_agreaney/Sample_expt_7-11_lib1_ACE2pos/expt_7-11_lib1_ACE2pos_AGCAGGAA_L001_R1_001.fastq.gz,expt_7-11_lib1_ACE2pos_AGCAGGAA_L001_R1_001.fastq.gz
/shared/ngs/illumina/agreaney/200618_D00300_0980_AHFCMJBCX3/Unaligned/Project_agreaney/Sample_expt_7-11_lib1_ACE2pos/expt_7-11_lib1_ACE2pos_AGCAGGAA_L002_R1_008.fastq.gz,expt_7-11_lib1_ACE2pos_AGCAGGAA_L002_R1_008.fastq.gz
/shared/ngs/illumina/agreaney/200618_D00300_0980_AHFCMJBCX3/Unaligned/Project_agreaney/Sample_expt_7-11_lib1_ACE2pos/expt_7-11_lib1_ACE2pos_AGCAGGAA_L002_R1_003.fastq.gz,expt_7-11_lib1_ACE2pos_AGCAGGAA_L002_R1_003.fastq.gz
/shared/ngs/illumina/agreaney/200618_D00300_0980_AHFCMJBCX3/Unaligned/Project_agreaney/Sample_expt_7-11_lib1_ACE2pos/expt_7-11_lib1_ACE2pos_AGCAGGAA_L002_R1_006.fastq.gz,expt_7-11_lib1_ACE2pos_AGCAGGAA_L002_R1_006.fastq.gz
/shared/ngs/illumina/agreaney/200618_D00300_0980_AHFCMJBCX3/Unaligned/Project_agreaney/Sample_expt_7-11_lib1_ACE2pos/expt_7-11_lib1_ACE2pos_AGCAGGAA_L001_R1_002.fastq.gz,expt_7-11_lib1_ACE2pos_AGCAGGAA_L001_R1_002.fastq.gz
/shared/ngs/illumina/agreaney/200618_D00300_0980_AHFCMJBCX3/Unaligned/Project_agreaney/Sample_expt_7-11_lib1_ACE2pos/expt_7-11_lib1_ACE2pos_AGCAGGAA_L002_R1_004.fastq.gz,expt_7-11_lib1_ACE2pos_AGCAGGAA_L002_R1_004.fastq.gz
/shared/ngs/illumina/agreaney/200618_D00300_0980_AHFCMJBCX3/Unaligned/Project_agreaney/Sample_expt_7-11_lib1_ACE2pos/expt_7-11_lib1_ACE2pos_AGCAGGAA_L001_R1_007.fastq.gz,expt_7-11_lib1_ACE2pos_AGCAGGAA_L001_R1_007.fastq.gz
/shared/ngs/illumina/agreaney/200618_D00300_0980_AHFCMJBCX3/Unaligned/Project_agreaney/Sample_expt_7-11_lib1_ACE2pos/expt_7-11_lib1_ACE2pos_AGCAGGAA_L002_R1_007.fastq.gz,expt_7-11_lib1_ACE2pos_AGCAGGAA_L002_R1_007.fastq.gz
/shared/ngs/illumina/agreaney/200618_D00300_0980_AHFCMJBCX3/Unaligned/Project_agreaney/Sample_expt_7-11_lib1_ACE2pos/expt_7-11_lib1_ACE2pos_AGCAGGAA_L001_R1_005.fastq.gz,expt_7-11_lib1_ACE2pos_AGCAGGAA_L001_R1_005.fastq.gz
/shared/ngs/illumina/agreaney/200618_D00300_0980_AHFCMJBCX3/Unaligned/Project_agreaney/Sample_expt_7-11_lib2_ACE2pos/expt_7-11_lib2_ACE2pos_AGTCACTA_L002_R1_004.fastq.gz,expt_7-11_lib2_ACE2pos_AGTCACTA_L002_R1_004.fastq.gz
/shared/ngs/illumina/agreaney/200618_D00300_0980_AHFCMJBCX3/Unaligned/Project_agreaney/Sample_expt_7-11_lib2_ACE2pos/expt_7-11_lib2_ACE2pos_AGTCACTA_L002_R1_002.fastq.gz,expt_7-11_lib2_ACE2pos_AGTCACTA_L002_R1_002.fastq.gz
/shared/ngs/illumina/agreaney/200618_D00300_0980_AHFCMJBCX3/Unaligned/Project_agreaney/Sample_expt_7-11_lib2_ACE2pos/expt_7-11_lib2_ACE2pos_AGTCACTA_L002_R1_003.fastq.gz,expt_7-11_lib2_ACE2pos_AGTCACTA_L002_R1_003.fastq.gz
/shared/ngs/illumina/agreaney/200618_D00300_0980_AHFCMJBCX3/Unaligned/Project_agreaney/Sample_expt_7-11_lib2_ACE2pos/expt_7-11_lib2_ACE2pos_AGTCACTA_L001_R1_006.fastq.gz,expt_7-11_lib2_ACE2pos_AGTCACTA_L001_R1_006.fastq.gz
/shared/ngs/illumina/agreaney/200618_D00300_0980_AHFCMJBCX3/Unaligned/Project_agreaney/Sample_expt_7-11_lib2_ACE2pos/expt_7-11_lib2_ACE2pos_AGTCACTA_L001_R1_008.fastq.gz,expt_7-11_lib2_ACE2pos_AGTCACTA_L001_R1_008.fastq.gz
/shared/ngs/illumina/agreaney/200618_D00300_0980_AHFCMJBCX3/Unaligned/Project_agreaney/Sample_expt_7-11_lib2_ACE2pos/expt_7-11_lib2_ACE2pos_AGTCACTA_L001_R1_007.fastq.gz,expt_7-11_lib2_ACE2pos_AGTCACTA_L001_R1_007.fastq.gz
/shared/ngs/illumina/agreaney/200618_D00300_0980_AHFCMJBCX3/Unaligned/Project_agreaney/Sample_expt_7-11_lib2_ACE2pos/expt_7-11_lib2_ACE2pos_AGTCACTA_L001_R1_003.fastq.gz,expt_7-11_lib2_ACE2pos_AGTCACTA_L001_R1_003.fastq.gz
/shared/ngs/illumina/agreaney/200618_D00300_0980_AHFCMJBCX3/Unaligned/Project_agreaney/Sample_expt_7-11_lib2_ACE2pos/expt_7-11_lib2_ACE2pos_AGTCACTA_L002_R1_008.fastq.gz,expt_7-11_lib2_ACE2pos_AGTCACTA_L002_R1_008.fastq.gz
/shared/ngs/illumina/agreaney/200618_D00300_0980_AHFCMJBCX3/Unaligned/Project_agreaney/Sample_expt_7-11_lib2_ACE2pos/expt_7-11_lib2_ACE2pos_AGTCACTA_L001_R1_004.fastq.gz,expt_7-11_lib2_ACE2pos_AGTCACTA_L001_R1_004.fastq.gz
/shared/ngs/illumina/agreaney/200618_D00300_0980_AHFCMJBCX3/Unaligned/Project_agreaney/Sample_expt_7-11_lib2_ACE2pos/expt_7-11_lib2_ACE2pos_AGTCACTA_L001_R1_005.fastq.gz,expt_7-11_lib2_ACE2pos_AGTCACTA_L001_R1_005.fastq.gz
/shared/ngs/illumina/agreaney/200618_D00300_0980_AHFCMJBCX3/Unaligned/Project_agreaney/Sample_expt_7-11_lib2_ACE2pos/expt_7-11_lib2_ACE2pos_AGTCACTA_L002_R1_001.fastq.gz,expt_7-11_lib2_ACE2pos_AGTCACTA_L002_R1_001.fastq.gz
/shared/ngs/illumina/agreaney/200618_D00300_0980_AHFCMJBCX3/Unaligned/Project_agreaney/Sample_expt_7-11_lib2_ACE2pos/expt_7-11_lib2_ACE2pos_AGTCACTA_L002_R1_005.fastq.gz,expt_7-11_lib2_ACE2pos_AGTCACTA_L002_R1_005.fastq.gz
/shared/ngs/illumina/agreaney/200618_D00300_0980_AHFCMJBCX3/Unaligned/Project_agreaney/Sample_expt_7-11_lib2_ACE2pos/expt_7-11_lib2_ACE2pos_AGTCACTA_L002_R1_006.fastq.gz,expt_7-11_lib2_ACE2pos_AGTCACTA_L002_R1_006.fastq.gz
/shared/ngs/illumina/agreaney/200618_D00300_0980_AHFCMJBCX3/Unaligned/Project_agreaney/Sample_expt_7-11_lib2_ACE2pos/expt_7-11_lib2_ACE2pos_AGTCACTA_L002_R1_007.fastq.gz,expt_7-11_lib2_ACE2pos_AGTCACTA_L002_R1_007.fastq.gz
/shared/ngs/illumina/agreaney/200618_D00300_0980_AHFCMJBCX3/Unaligned/Project_agreaney/Sample_expt_7-11_lib2_ACE2pos/expt_7-11_lib2_ACE2pos_AGTCACTA_L001_R1_001.fastq.gz,expt_7-11_lib2_ACE2pos_AGTCACTA_L001_R1_001.fastq.gz
/shared/ngs/illumina/agreaney/200618_D00300_0980_AHFCMJBCX3/Unaligned/Project_agreaney/Sample_expt_7-11_lib2_ACE2pos/expt_7-11_lib2_ACE2pos_AGTCACTA_L001_R1_002.fastq.gz,expt_7-11_lib2_ACE2pos_AGTCACTA_L001_R1_002.fastq.gz
/shared/ngs/illumina/agreaney/200812_D00300_1026_BHFFJTBCX3/Unaligned/Project_agreaney/Sample_expt_22-23_lib1_ref/expt_22-23_lib1_ref_ACCACTGT_L001_R1_017.fastq.gz,expt_22-23_lib1_ref_ACCACTGT_L001_R1_017.fastq.gz
/shared/ngs/illumina/agreaney/200812_D00300_1026_BHFFJTBCX3/Unaligned/Project_agreaney/Sample_expt_22-23_lib1_ref/expt_22-23_lib1_ref_ACCACTGT_L002_R1_007.fastq.gz,expt_22-23_lib1_ref_ACCACTGT_L002_R1_007.fastq.gz
/shared/ngs/illumina/agreaney/200812_D00300_1026_BHFFJTBCX3/Unaligned/Project_agreaney/Sample_expt_22-23_lib1_ref/expt_22-23_lib1_ref_ACCACTGT_L002_R1_003.fastq.gz,expt_22-23_lib1_ref_ACCACTGT_L002_R1_003.fastq.gz
/shared/ngs/illumina/agreaney/200812_D00300_1026_BHFFJTBCX3/Unaligned/Project_agreaney/Sample_expt_22-23_lib1_ref/expt_22-23_lib1_ref_ACCACTGT_L001_R1_010.fastq.gz,expt_22-23_lib1_ref_ACCACTGT_L001_R1_010.fastq.gz
/shared/ngs/illumina/agreaney/200812_D00300_1026_BHFFJTBCX3/Unaligned/Project_agreaney/Sample_expt_22-23_lib1_ref/expt_22-23_lib1_ref_ACCACTGT_L001_R1_005.fastq.gz,expt_22-23_lib1_ref_ACCACTGT_L001_R1_005.fastq.gz
/shared/ngs/illumina/agreaney/200812_D00300_1026_BHFFJTBCX3/Unaligned/Project_agreaney/Sample_expt_22-23_lib1_ref/expt_22-23_lib1_ref_ACCACTGT_L002_R1_012.fastq.gz,expt_22-23_lib1_ref_ACCACTGT_L002_R1_012.fastq.gz
/shared/ngs/illumina/agreaney/200812_D00300_1026_BHFFJTBCX3/Unaligned/Project_agreaney/Sample_expt_22-23_lib1_ref/expt_22-23_lib1_ref_ACCACTGT_L002_R1_006.fastq.gz,expt_22-23_lib1_ref_ACCACTGT_L002_R1_006.fastq.gz
/shared/ngs/illumina/agreaney/200812_D00300_1026_BHFFJTBCX3/Unaligned/Project_agreaney/Sample_expt_22-23_lib1_ref/expt_22-23_lib1_ref_ACCACTGT_L001_R1_009.fastq.gz,expt_22-23_lib1_ref_ACCACTGT_L001_R1_009.fastq.gz
/shared/ngs/illumina/agreaney/200812_D00300_1026_BHFFJTBCX3/Unaligned/Project_agreaney/Sample_expt_22-23_lib1_ref/expt_22-23_lib1_ref_ACCACTGT_L001_R1_013.fastq.gz,expt_22-23_lib1_ref_ACCACTGT_L001_R1_013.fastq.gz
/shared/ngs/illumina/agreaney/200812_D00300_1026_BHFFJTBCX3/Unaligned/Project_agreaney/Sample_expt_22-23_lib1_ref/expt_22-23_lib1_ref_ACCACTGT_L002_R1_008.fastq.gz,expt_22-23_lib1_ref_ACCACTGT_L002_R1_008.fastq.gz
/shared/ngs/illumina/agreaney/200812_D00300_1026_BHFFJTBCX3/Unaligned/Project_agreaney/Sample_expt_22-23_lib1_ref/expt_22-23_lib1_ref_ACCACTGT_L001_R1_006.fastq.gz,expt_22-23_lib1_ref_ACCACTGT_L001_R1_006.fastq.gz
/shared/ngs/illumina/agreaney/200812_D00300_1026_BHFFJTBCX3/Unaligned/Project_agreaney/Sample_expt_22-23_lib1_ref/expt_22-23_lib1_ref_ACCACTGT_L001_R1_003.fastq.gz,expt_22-23_lib1_ref_ACCACTGT_L001_R1_003.fastq.gz
/shared/ngs/illumina/agreaney/200812_D00300_1026_BHFFJTBCX3/Unaligned/Project_agreaney/Sample_expt_22-23_lib1_ref/expt_22-23_lib1_ref_ACCACTGT_L001_R1_016.fastq.gz,expt_22-23_lib1_ref_ACCACTGT_L001_R1_016.fastq.gz
/shared/ngs/illumina/agreaney/200812_D00300_1026_BHFFJTBCX3/Unaligned/Project_agreaney/Sample_expt_22-23_lib1_ref/expt_22-23_lib1_ref_ACCACTGT_L002_R1_005.fastq.gz,expt_22-23_lib1_ref_ACCACTGT_L002_R1_005.fastq.gz
/shared/ngs/illumina/agreaney/200812_D00300_1026_BHFFJTBCX3/Unaligned/Project_agreaney/Sample_expt_22-23_lib1_ref/expt_22-23_lib1_ref_ACCACTGT_L001_R1_012.fastq.gz,expt_22-23_lib1_ref_ACCACTGT_L001_R1_012.fastq.gz
/shared/ngs/illumina/agreaney/200812_D00300_1026_BHFFJTBCX3/Unaligned/Project_agreaney/Sample_expt_22-23_lib1_ref/expt_22-23_lib1_ref_ACCACTGT_L001_R1_011.fastq.gz,expt_22-23_lib1_ref_ACCACTGT_L001_R1_011.fastq.gz
/shared/ngs/illumina/agreaney/200812_D00300_1026_BHFFJTBCX3/Unaligned/Project_agreaney/Sample_expt_22-23_lib1_ref/expt_22-23_lib1_ref_ACCACTGT_L002_R1_004.fastq.gz,expt_22-23_lib1_ref_ACCACTGT_L002_R1_004.fastq.gz
/shared/ngs/illumina/agreaney/200812_D00300_1026_BHFFJTBCX3/Unaligned/Project_agreaney/Sample_expt_22-23_lib1_ref/expt_22-23_lib1_ref_ACCACTGT_L002_R1_016.fastq.gz,expt_22-23_lib1_ref_ACCACTGT_L002_R1_016.fastq.gz
/shared/ngs/illumina/agreaney/200812_D00300_1026_BHFFJTBCX3/Unaligned/Project_agreaney/Sample_expt_22-23_lib1_ref/expt_22-23_lib1_ref_ACCACTGT_L002_R1_014.fastq.gz,expt_22-23_lib1_ref_ACCACTGT_L002_R1_014.fastq.gz
/shared/ngs/illumina/agreaney/200812_D00300_1026_BHFFJTBCX3/Unaligned/Project_agreaney/Sample_expt_22-23_lib1_ref/expt_22-23_lib1_ref_ACCACTGT_L001_R1_015.fastq.gz,expt_22-23_lib1_ref_ACCACTGT_L001_R1_015.fastq.gz
/shared/ngs/illumina/agreaney/200812_D00300_1026_BHFFJTBCX3/Unaligned/Project_agreaney/Sample_expt_22-23_lib1_ref/expt_22-23_lib1_ref_ACCACTGT_L001_R1_008.fastq.gz,expt_22-23_lib1_ref_ACCACTGT_L001_R1_008.fastq.gz
/shared/ngs/illumina/agreaney/200812_D00300_1026_BHFFJTBCX3/Unaligned/Project_agreaney/Sample_expt_22-23_lib1_ref/expt_22-23_lib1_ref_ACCACTGT_L001_R1_007.fastq.gz,expt_22-23_lib1_ref_ACCACTGT_L001_R1_007.fastq.gz
/shared/ngs/illumina/agreaney/200812_D00300_1026_BHFFJTBCX3/Unaligned/Project_agreaney/Sample_expt_22-23_lib1_ref/expt_22-23_lib1_ref_ACCACTGT_L002_R1_010.fastq.gz,expt_22-23_lib1_ref_ACCACTGT_L002_R1_010.fastq.gz
/shared/ngs/illumina/agreaney/200812_D00300_1026_BHFFJTBCX3/Unaligned/Project_agreaney/Sample_expt_22-23_lib1_ref/expt_22-23_lib1_ref_ACCACTGT_L001_R1_002.fastq.gz,expt_22-23_lib1_ref_ACCACTGT_L001_R1_002.fastq.gz
/shared/ngs/illumina/agreaney/200812_D00300_1026_BHFFJTBCX3/Unaligned/Project_agreaney/Sample_expt_22-23_lib1_ref/expt_22-23_lib1_ref_ACCACTGT_L001_R1_014.fastq.gz,expt_22-23_lib1_ref_ACCACTGT_L001_R1_014.fastq.gz
/shared/ngs/illumina/agreaney/200812_D00300_1026_BHFFJTBCX3/Unaligned/Project_agreaney/Sample_expt_22-23_lib1_ref/expt_22-23_lib1_ref_ACCACTGT_L002_R1_009.fastq.gz,expt_22-23_lib1_ref_ACCACTGT_L002_R1_009.fastq.gz
/shared/ngs/illumina/agreaney/200812_D00300_1026_BHFFJTBCX3/Unaligned/Project_agreaney/Sample_expt_22-23_lib1_ref/expt_22-23_lib1_ref_ACCACTGT_L001_R1_001.fastq.gz,expt_22-23_lib1_ref_ACCACTGT_L001_R1_001.fastq.gz
/shared/ngs/illumina/agreaney/200812_D00300_1026_BHFFJTBCX3/Unaligned/Project_agreaney/Sample_expt_22-23_lib1_ref/expt_22-23_lib1_ref_ACCACTGT_L002_R1_001.fastq.gz,expt_22-23_lib1_ref_ACCACTGT_L002_R1_001.fastq.gz
/shared/ngs/illumina/agreaney/200812_D00300_1026_BHFFJTBCX3/Unaligned/Project_agreaney/Sample_expt_22-23_lib1_ref/expt_22-23_lib1_ref_ACCACTGT_L002_R1_011.fastq.gz,expt_22-23_lib1_ref_ACCACTGT_L002_R1_011.fastq.gz
/shared/ngs/illumina/agreaney/200812_D00300_1026_BHFFJTBCX3/Unaligned/Project_agreaney/Sample_expt_22-23_lib1_ref/expt_22-23_lib1_ref_ACCACTGT_L001_R1_004.fastq.gz,expt_22-23_lib1_ref_ACCACTGT_L001_R1_004.fastq.gz
/shared/ngs/illumina/agreaney/200812_D00300_1026_BHFFJTBCX3/Unaligned/Project_agreaney/Sample_expt_22-23_lib1_ref/expt_22-23_lib1_ref_ACCACTGT_L002_R1_013.fastq.gz,expt_22-23_lib1_ref_ACCACTGT_L002_R1_013.fastq.gz
/shared/ngs/illumina/agreaney/200812_D00300_1026_BHFFJTBCX3/Unaligned/Project_agreaney/Sample_expt_22-23_lib1_ref/expt_22-23_lib1_ref_ACCACTGT_L002_R1_017.fastq.gz,expt_22-23_lib1_ref_ACCACTGT_L002_R1_017.fastq.gz
/shared/ngs/illumina/agreaney/200812_D00300_1026_BHFFJTBCX3/Unaligned/Project_agreaney/Sample_expt_22-23_lib1_ref/expt_22-23_lib1_ref_ACCACTGT_L002_R1_002.fastq.gz,expt_22-23_lib1_ref_ACCACTGT_L002_R1_002.fastq.gz
/shared/ngs/illumina/agreaney/200812_D00300_1026_BHFFJTBCX3/Unaligned/Project_agreaney/Sample_expt_22-23_lib1_ref/expt_22-23_lib1_ref_ACCACTGT_L002_R1_015.fastq.gz,expt_22-23_lib1_ref_ACCACTGT_L002_R1_015.fastq.gz
/shared/ngs/illumina/agreaney/200812_D00300_1026_BHFFJTBCX3/Unaligned/Project_agreaney/Sample_expt_22-23_lib2_ref/expt_22-23_lib2_ref_ACATTGGC_L002_R1_006.fastq.gz,expt_22-23_lib2_ref_ACATTGGC_L002_R1_006.fastq.gz
/shared/ngs/illumina/agreaney/200812_D00300_1026_BHFFJTBCX3/Unaligned/Project_agreaney/Sample_expt_22-23_lib2_ref/expt_22-23_lib2_ref_ACATTGGC_L001_R1_014.fastq.gz,expt_22-23_lib2_ref_ACATTGGC_L001_R1_014.fastq.gz
/shared/ngs/illumina/agreaney/200812_D00300_1026_BHFFJTBCX3/Unaligned/Project_agreaney/Sample_expt_22-23_lib2_ref/expt_22-23_lib2_ref_ACATTGGC_L001_R1_003.fastq.gz,expt_22-23_lib2_ref_ACATTGGC_L001_R1_003.fastq.gz
/shared/ngs/illumina/agreaney/200812_D00300_1026_BHFFJTBCX3/Unaligned/Project_agreaney/Sample_expt_22-23_lib2_ref/expt_22-23_lib2_ref_ACATTGGC_L001_R1_006.fastq.gz,expt_22-23_lib2_ref_ACATTGGC_L001_R1_006.fastq.gz
/shared/ngs/illumina/agreaney/200812_D00300_1026_BHFFJTBCX3/Unaligned/Project_agreaney/Sample_expt_22-23_lib2_ref/expt_22-23_lib2_ref_ACATTGGC_L002_R1_008.fastq.gz,expt_22-23_lib2_ref_ACATTGGC_L002_R1_008.fastq.gz
/shared/ngs/illumina/agreaney/200812_D00300_1026_BHFFJTBCX3/Unaligned/Project_agreaney/Sample_expt_22-23_lib2_ref/expt_22-23_lib2_ref_ACATTGGC_L002_R1_004.fastq.gz,expt_22-23_lib2_ref_ACATTGGC_L002_R1_004.fastq.gz
/shared/ngs/illumina/agreaney/200812_D00300_1026_BHFFJTBCX3/Unaligned/Project_agreaney/Sample_expt_22-23_lib2_ref/expt_22-23_lib2_ref_ACATTGGC_L002_R1_001.fastq.gz,expt_22-23_lib2_ref_ACATTGGC_L002_R1_001.fastq.gz
/shared/ngs/illumina/agreaney/200812_D00300_1026_BHFFJTBCX3/Unaligned/Project_agreaney/Sample_expt_22-23_lib2_ref/expt_22-23_lib2_ref_ACATTGGC_L001_R1_007.fastq.gz,expt_22-23_lib2_ref_ACATTGGC_L001_R1_007.fastq.gz
/shared/ngs/illumina/agreaney/200812_D00300_1026_BHFFJTBCX3/Unaligned/Project_agreaney/Sample_expt_22-23_lib2_ref/expt_22-23_lib2_ref_ACATTGGC_L001_R1_002.fastq.gz,expt_22-23_lib2_ref_ACATTGGC_L001_R1_002.fastq.gz
/shared/ngs/illumina/agreaney/200812_D00300_1026_BHFFJTBCX3/Unaligned/Project_agreaney/Sample_expt_22-23_lib2_ref/expt_22-23_lib2_ref_ACATTGGC_L001_R1_016.fastq.gz,expt_22-23_lib2_ref_ACATTGGC_L001_R1_016.fastq.gz
/shared/ngs/illumina/agreaney/200812_D00300_1026_BHFFJTBCX3/Unaligned/Project_agreaney/Sample_expt_22-23_lib2_ref/expt_22-23_lib2_ref_ACATTGGC_L001_R1_013.fastq.gz,expt_22-23_lib2_ref_ACATTGGC_L001_R1_013.fastq.gz
/shared/ngs/illumina/agreaney/200812_D00300_1026_BHFFJTBCX3/Unaligned/Project_agreaney/Sample_expt_22-23_lib2_ref/expt_22-23_lib2_ref_ACATTGGC_L002_R1_010.fastq.gz,expt_22-23_lib2_ref_ACATTGGC_L002_R1_010.fastq.gz
/shared/ngs/illumina/agreaney/200812_D00300_1026_BHFFJTBCX3/Unaligned/Project_agreaney/Sample_expt_22-23_lib2_ref/expt_22-23_lib2_ref_ACATTGGC_L002_R1_007.fastq.gz,expt_22-23_lib2_ref_ACATTGGC_L002_R1_007.fastq.gz
/shared/ngs/illumina/agreaney/200812_D00300_1026_BHFFJTBCX3/Unaligned/Project_agreaney/Sample_expt_22-23_lib2_ref/expt_22-23_lib2_ref_ACATTGGC_L001_R1_009.fastq.gz,expt_22-23_lib2_ref_ACATTGGC_L001_R1_009.fastq.gz
/shared/ngs/illumina/agreaney/200812_D00300_1026_BHFFJTBCX3/Unaligned/Project_agreaney/Sample_expt_22-23_lib2_ref/expt_22-23_lib2_ref_ACATTGGC_L002_R1_016.fastq.gz,expt_22-23_lib2_ref_ACATTGGC_L002_R1_016.fastq.gz
/shared/ngs/illumina/agreaney/200812_D00300_1026_BHFFJTBCX3/Unaligned/Project_agreaney/Sample_expt_22-23_lib2_ref/expt_22-23_lib2_ref_ACATTGGC_L002_R1_003.fastq.gz,expt_22-23_lib2_ref_ACATTGGC_L002_R1_003.fastq.gz
/shared/ngs/illumina/agreaney/200812_D00300_1026_BHFFJTBCX3/Unaligned/Project_agreaney/Sample_expt_22-23_lib2_ref/expt_22-23_lib2_ref_ACATTGGC_L001_R1_015.fastq.gz,expt_22-23_lib2_ref_ACATTGGC_L001_R1_015.fastq.gz
/shared/ngs/illumina/agreaney/200812_D00300_1026_BHFFJTBCX3/Unaligned/Project_agreaney/Sample_expt_22-23_lib2_ref/expt_22-23_lib2_ref_ACATTGGC_L001_R1_010.fastq.gz,expt_22-23_lib2_ref_ACATTGGC_L001_R1_010.fastq.gz
/shared/ngs/illumina/agreaney/200812_D00300_1026_BHFFJTBCX3/Unaligned/Project_agreaney/Sample_expt_22-23_lib2_ref/expt_22-23_lib2_ref_ACATTGGC_L001_R1_008.fastq.gz,expt_22-23_lib2_ref_ACATTGGC_L001_R1_008.fastq.gz
/shared/ngs/illumina/agreaney/200812_D00300_1026_BHFFJTBCX3/Unaligned/Project_agreaney/Sample_expt_22-23_lib2_ref/expt_22-23_lib2_ref_ACATTGGC_L001_R1_001.fastq.gz,expt_22-23_lib2_ref_ACATTGGC_L001_R1_001.fastq.gz
/shared/ngs/illumina/agreaney/200812_D00300_1026_BHFFJTBCX3/Unaligned/Project_agreaney/Sample_expt_22-23_lib2_ref/expt_22-23_lib2_ref_ACATTGGC_L002_R1_011.fastq.gz,expt_22-23_lib2_ref_ACATTGGC_L002_R1_011.fastq.gz
/shared/ngs/illumina/agreaney/200812_D00300_1026_BHFFJTBCX3/Unaligned/Project_agreaney/Sample_expt_22-23_lib2_ref/expt_22-23_lib2_ref_ACATTGGC_L001_R1_011.fastq.gz,expt_22-23_lib2_ref_ACATTGGC_L001_R1_011.fastq.gz
/shared/ngs/illumina/agreaney/200812_D00300_1026_BHFFJTBCX3/Unaligned/Project_agreaney/Sample_expt_22-23_lib2_ref/expt_22-23_lib2_ref_ACATTGGC_L002_R1_013.fastq.gz,expt_22-23_lib2_ref_ACATTGGC_L002_R1_013.fastq.gz
/shared/ngs/illumina/agreaney/200812_D00300_1026_BHFFJTBCX3/Unaligned/Project_agreaney/Sample_expt_22-23_lib2_ref/expt_22-23_lib2_ref_ACATTGGC_L002_R1_002.fastq.gz,expt_22-23_lib2_ref_ACATTGGC_L002_R1_002.fastq.gz
/shared/ngs/illumina/agreaney/200812_D00300_1026_BHFFJTBCX3/Unaligned/Project_agreaney/Sample_expt_22-23_lib2_ref/expt_22-23_lib2_ref_ACATTGGC_L002_R1_014.fastq.gz,expt_22-23_lib2_ref_ACATTGGC_L002_R1_014.fastq.gz
/shared/ngs/illumina/agreaney/200812_D00300_1026_BHFFJTBCX3/Unaligned/Project_agreaney/Sample_expt_22-23_lib2_ref/expt_22-23_lib2_ref_ACATTGGC_L001_R1_005.fastq.gz,expt_22-23_lib2_ref_ACATTGGC_L001_R1_005.fastq.gz
/shared/ngs/illumina/agreaney/200812_D00300_1026_BHFFJTBCX3/Unaligned/Project_agreaney/Sample_expt_22-23_lib2_ref/expt_22-23_lib2_ref_ACATTGGC_L001_R1_004.fastq.gz,expt_22-23_lib2_ref_ACATTGGC_L001_R1_004.fastq.gz
/shared/ngs/illumina/agreaney/200812_D00300_1026_BHFFJTBCX3/Unaligned/Project_agreaney/Sample_expt_22-23_lib2_ref/expt_22-23_lib2_ref_ACATTGGC_L002_R1_012.fastq.gz,expt_22-23_lib2_ref_ACATTGGC_L002_R1_012.fastq.gz
/shared/ngs/illumina/agreaney/200812_D00300_1026_BHFFJTBCX3/Unaligned/Project_agreaney/Sample_expt_22-23_lib2_ref/expt_22-23_lib2_ref_ACATTGGC_L002_R1_005.fastq.gz,expt_22-23_lib2_ref_ACATTGGC_L002_R1_005.fastq.gz
/shared/ngs/illumina/agreaney/200812_D00300_1026_BHFFJTBCX3/Unaligned/Project_agreaney/Sample_expt_22-23_lib2_ref/expt_22-23_lib2_ref_ACATTGGC_L002_R1_009.fastq.gz,expt_22-23_lib2_ref_ACATTGGC_L002_R1_009.fastq.gz
/shared/ngs/illumina/agreaney/200812_D00300_1026_BHFFJTBCX3/Unaligned/Project_agreaney/Sample_expt_22-23_lib2_ref/expt_22-23_lib2_ref_ACATTGGC_L002_R1_015.fastq.gz,expt_22-23_lib2_ref_ACATTGGC_L002_R1_015.fastq.gz
/shared/ngs/illumina/agreaney/200812_D00300_1026_BHFFJTBCX3/Unaligned/Project_agreaney/Sample_expt_22-23_lib2_ref/expt_22-23_lib2_ref_ACATTGGC_L001_R1_012.fastq.gz,expt_22-23_lib2_ref_ACATTGGC_L001_R1_012.fastq.gz
/shared/ngs/illumina/agreaney/200618_D00300_0980_AHFCMJBCX3/Unaligned/Project_agreaney/Sample_expt_3-6_lib1_ACE2pos/expt_3-6_lib1_ACE2pos_AGAGTCAA_L001_R1_004.fastq.gz,expt_3-6_lib1_ACE2pos_AGAGTCAA_L001_R1_004.fastq.gz
/shared/ngs/illumina/agreaney/200618_D00300_0980_AHFCMJBCX3/Unaligned/Project_agreaney/Sample_expt_3-6_lib1_ACE2pos/expt_3-6_lib1_ACE2pos_AGAGTCAA_L001_R1_008.fastq.gz,expt_3-6_lib1_ACE2pos_AGAGTCAA_L001_R1_008.fastq.gz
/shared/ngs/illumina/agreaney/200618_D00300_0980_AHFCMJBCX3/Unaligned/Project_agreaney/Sample_expt_3-6_lib1_ACE2pos/expt_3-6_lib1_ACE2pos_AGAGTCAA_L002_R1_004.fastq.gz,expt_3-6_lib1_ACE2pos_AGAGTCAA_L002_R1_004.fastq.gz
/shared/ngs/illumina/agreaney/200618_D00300_0980_AHFCMJBCX3/Unaligned/Project_agreaney/Sample_expt_3-6_lib1_ACE2pos/expt_3-6_lib1_ACE2pos_AGAGTCAA_L002_R1_005.fastq.gz,expt_3-6_lib1_ACE2pos_AGAGTCAA_L002_R1_005.fastq.gz
/shared/ngs/illumina/agreaney/200618_D00300_0980_AHFCMJBCX3/Unaligned/Project_agreaney/Sample_expt_3-6_lib1_ACE2pos/expt_3-6_lib1_ACE2pos_AGAGTCAA_L001_R1_005.fastq.gz,expt_3-6_lib1_ACE2pos_AGAGTCAA_L001_R1_005.fastq.gz
/shared/ngs/illumina/agreaney/200618_D00300_0980_AHFCMJBCX3/Unaligned/Project_agreaney/Sample_expt_3-6_lib1_ACE2pos/expt_3-6_lib1_ACE2pos_AGAGTCAA_L001_R1_006.fastq.gz,expt_3-6_lib1_ACE2pos_AGAGTCAA_L001_R1_006.fastq.gz
/shared/ngs/illumina/agreaney/200618_D00300_0980_AHFCMJBCX3/Unaligned/Project_agreaney/Sample_expt_3-6_lib1_ACE2pos/expt_3-6_lib1_ACE2pos_AGAGTCAA_L002_R1_002.fastq.gz,expt_3-6_lib1_ACE2pos_AGAGTCAA_L002_R1_002.fastq.gz
/shared/ngs/illumina/agreaney/200618_D00300_0980_AHFCMJBCX3/Unaligned/Project_agreaney/Sample_expt_3-6_lib1_ACE2pos/expt_3-6_lib1_ACE2pos_AGAGTCAA_L001_R1_001.fastq.gz,expt_3-6_lib1_ACE2pos_AGAGTCAA_L001_R1_001.fastq.gz
/shared/ngs/illumina/agreaney/200618_D00300_0980_AHFCMJBCX3/Unaligned/Project_agreaney/Sample_expt_3-6_lib1_ACE2pos/expt_3-6_lib1_ACE2pos_AGAGTCAA_L002_R1_006.fastq.gz,expt_3-6_lib1_ACE2pos_AGAGTCAA_L002_R1_006.fastq.gz
/shared/ngs/illumina/agreaney/200618_D00300_0980_AHFCMJBCX3/Unaligned/Project_agreaney/Sample_expt_3-6_lib1_ACE2pos/expt_3-6_lib1_ACE2pos_AGAGTCAA_L001_R1_002.fastq.gz,expt_3-6_lib1_ACE2pos_AGAGTCAA_L001_R1_002.fastq.gz
/shared/ngs/illumina/agreaney/200618_D00300_0980_AHFCMJBCX3/Unaligned/Project_agreaney/Sample_expt_3-6_lib1_ACE2pos/expt_3-6_lib1_ACE2pos_AGAGTCAA_L001_R1_007.fastq.gz,expt_3-6_lib1_ACE2pos_AGAGTCAA_L001_R1_007.fastq.gz
/shared/ngs/illumina/agreaney/200618_D00300_0980_AHFCMJBCX3/Unaligned/Project_agreaney/Sample_expt_3-6_lib1_ACE2pos/expt_3-6_lib1_ACE2pos_AGAGTCAA_L001_R1_003.fastq.gz,expt_3-6_lib1_ACE2pos_AGAGTCAA_L001_R1_003.fastq.gz
/shared/ngs/illumina/agreaney/200618_D00300_0980_AHFCMJBCX3/Unaligned/Project_agreaney/Sample_expt_3-6_lib1_ACE2pos/expt_3-6_lib1_ACE2pos_AGAGTCAA_L002_R1_007.fastq.gz,expt_3-6_lib1_ACE2pos_AGAGTCAA_L002_R1_007.fastq.gz
/shared/ngs/illumina/agreaney/200618_D00300_0980_AHFCMJBCX3/Unaligned/Project_agreaney/Sample_expt_3-6_lib1_ACE2pos/expt_3-6_lib1_ACE2pos_AGAGTCAA_L002_R1_003.fastq.gz,expt_3-6_lib1_ACE2pos_AGAGTCAA_L002_R1_003.fastq.gz
/shared/ngs/illumina/agreaney/200618_D00300_0980_AHFCMJBCX3/Unaligned/Project_agreaney/Sample_expt_3-6_lib1_ACE2pos/expt_3-6_lib1_ACE2pos_AGAGTCAA_L002_R1_008.fastq.gz,expt_3-6_lib1_ACE2pos_AGAGTCAA_L002_R1_008.fastq.gz
/shared/ngs/illumina/agreaney/200618_D00300_0980_AHFCMJBCX3/Unaligned/Project_agreaney/Sample_expt_3-6_lib1_ACE2pos/expt_3-6_lib1_ACE2pos_AGAGTCAA_L002_R1_001.fastq.gz,expt_3-6_lib1_ACE2pos_AGAGTCAA_L002_R1_001.fastq.gz
/shared/ngs/illumina/agreaney/200618_D00300_0980_AHFCMJBCX3/Unaligned/Project_agreaney/Sample_expt_3-6_lib2_ACE2pos/expt_3-6_lib2_ACE2pos_AGATCGCA_L002_R1_002.fastq.gz,expt_3-6_lib2_ACE2pos_AGATCGCA_L002_R1_002.fastq.gz
/shared/ngs/illumina/agreaney/200618_D00300_0980_AHFCMJBCX3/Unaligned/Project_agreaney/Sample_expt_3-6_lib2_ACE2pos/expt_3-6_lib2_ACE2pos_AGATCGCA_L002_R1_007.fastq.gz,expt_3-6_lib2_ACE2pos_AGATCGCA_L002_R1_007.fastq.gz
/shared/ngs/illumina/agreaney/200618_D00300_0980_AHFCMJBCX3/Unaligned/Project_agreaney/Sample_expt_3-6_lib2_ACE2pos/expt_3-6_lib2_ACE2pos_AGATCGCA_L002_R1_008.fastq.gz,expt_3-6_lib2_ACE2pos_AGATCGCA_L002_R1_008.fastq.gz
/shared/ngs/illumina/agreaney/200618_D00300_0980_AHFCMJBCX3/Unaligned/Project_agreaney/Sample_expt_3-6_lib2_ACE2pos/expt_3-6_lib2_ACE2pos_AGATCGCA_L001_R1_007.fastq.gz,expt_3-6_lib2_ACE2pos_AGATCGCA_L001_R1_007.fastq.gz
/shared/ngs/illumina/agreaney/200618_D00300_0980_AHFCMJBCX3/Unaligned/Project_agreaney/Sample_expt_3-6_lib2_ACE2pos/expt_3-6_lib2_ACE2pos_AGATCGCA_L002_R1_001.fastq.gz,expt_3-6_lib2_ACE2pos_AGATCGCA_L002_R1_001.fastq.gz
/shared/ngs/illumina/agreaney/200618_D00300_0980_AHFCMJBCX3/Unaligned/Project_agreaney/Sample_expt_3-6_lib2_ACE2pos/expt_3-6_lib2_ACE2pos_AGATCGCA_L001_R1_001.fastq.gz,expt_3-6_lib2_ACE2pos_AGATCGCA_L001_R1_001.fastq.gz
/shared/ngs/illumina/agreaney/200618_D00300_0980_AHFCMJBCX3/Unaligned/Project_agreaney/Sample_expt_3-6_lib2_ACE2pos/expt_3-6_lib2_ACE2pos_AGATCGCA_L001_R1_004.fastq.gz,expt_3-6_lib2_ACE2pos_AGATCGCA_L001_R1_004.fastq.gz
/shared/ngs/illumina/agreaney/200618_D00300_0980_AHFCMJBCX3/Unaligned/Project_agreaney/Sample_expt_3-6_lib2_ACE2pos/expt_3-6_lib2_ACE2pos_AGATCGCA_L001_R1_008.fastq.gz,expt_3-6_lib2_ACE2pos_AGATCGCA_L001_R1_008.fastq.gz
/shared/ngs/illumina/agreaney/200618_D00300_0980_AHFCMJBCX3/Unaligned/Project_agreaney/Sample_expt_3-6_lib2_ACE2pos/expt_3-6_lib2_ACE2pos_AGATCGCA_L002_R1_006.fastq.gz,expt_3-6_lib2_ACE2pos_AGATCGCA_L002_R1_006.fastq.gz
/shared/ngs/illumina/agreaney/200618_D00300_0980_AHFCMJBCX3/Unaligned/Project_agreaney/Sample_expt_3-6_lib2_ACE2pos/expt_3-6_lib2_ACE2pos_AGATCGCA_L002_R1_003.fastq.gz,expt_3-6_lib2_ACE2pos_AGATCGCA_L002_R1_003.fastq.gz
/shared/ngs/illumina/agreaney/200618_D00300_0980_AHFCMJBCX3/Unaligned/Project_agreaney/Sample_expt_3-6_lib2_ACE2pos/expt_3-6_lib2_ACE2pos_AGATCGCA_L001_R1_006.fastq.gz,expt_3-6_lib2_ACE2pos_AGATCGCA_L001_R1_006.fastq.gz
/shared/ngs/illumina/agreaney/200618_D00300_0980_AHFCMJBCX3/Unaligned/Project_agreaney/Sample_expt_3-6_lib2_ACE2pos/expt_3-6_lib2_ACE2pos_AGATCGCA_L001_R1_005.fastq.gz,expt_3-6_lib2_ACE2pos_AGATCGCA_L001_R1_005.fastq.gz
/shared/ngs/illumina/agreaney/200618_D00300_0980_AHFCMJBCX3/Unaligned/Project_agreaney/Sample_expt_3-6_lib2_ACE2pos/expt_3-6_lib2_ACE2pos_AGATCGCA_L001_R1_003.fastq.gz,expt_3-6_lib2_ACE2pos_AGATCGCA_L001_R1_003.fastq.gz
/shared/ngs/illumina/agreaney/200618_D00300_0980_AHFCMJBCX3/Unaligned/Project_agreaney/Sample_expt_3-6_lib2_ACE2pos/expt_3-6_lib2_ACE2pos_AGATCGCA_L001_R1_002.fastq.gz,expt_3-6_lib2_ACE2pos_AGATCGCA_L001_R1_002.fastq.gz
/shared/ngs/illumina/agreaney/200618_D00300_0980_AHFCMJBCX3/Unaligned/Project_agreaney/Sample_expt_3-6_lib2_ACE2pos/expt_3-6_lib2_ACE2pos_AGATCGCA_L002_R1_004.fastq.gz,expt_3-6_lib2_ACE2pos_AGATCGCA_L002_R1_004.fastq.gz
/shared/ngs/illumina/agreaney/200618_D00300_0980_AHFCMJBCX3/Unaligned/Project_agreaney/Sample_expt_3-6_lib2_ACE2pos/expt_3-6_lib2_ACE2pos_AGATCGCA_L002_R1_005.fastq.gz,expt_3-6_lib2_ACE2pos_AGATCGCA_L002_R1_005.fastq.gz
/shared/ngs/illumina/agreaney/200914_D00300_1050_AHH3MTBCX3/Unaligned/Project_agreaney/expt_40_lib1_abneg_S25_R1_001.fastq.gz,expt_40_lib1_abneg_S25_R1_001.fastq.gz
/shared/ngs/illumina/agreaney/200914_D00300_1050_AHH3MTBCX3/Unaligned/Project_agreaney/expt_40_lib2_abneg_S26_R1_001.fastq.gz,expt_40_lib2_abneg_S26_R1_001.fastq.gz
/shared/ngs/illumina/agreaney/200914_D00300_1050_AHH3MTBCX3/Unaligned/Project_agreaney/expt_37_lib1_abneg_S19_R1_001.fastq.gz,expt_37_lib1_abneg_S19_R1_001.fastq.gz
/shared/ngs/illumina/agreaney/200914_D00300_1050_AHH3MTBCX3/Unaligned/Project_agreaney/expt_37_lib2_abneg_S20_R1_001.fastq.gz,expt_37_lib2_abneg_S20_R1_001.fastq.gz
/shared/ngs/illumina/agreaney/201012_D00300_1079_BHHV7TBCX3/Unaligned/Project_agreaney_lane1/expt_52_lib1_abneg_S33_L001_R1_001.fastq.gz,expt_52_lib1_abneg_S33_L001_R1_001.fastq.gz
/shared/ngs/illumina/agreaney/201012_D00300_1079_BHHV7TBCX3/Unaligned/Project_agreaney_lane1/expt_52_lib2_abneg_S34_L001_R1_001.fastq.gz,expt_52_lib2_abneg_S34_L001_R1_001.fastq.gz
/shared/ngs/illumina/agreaney/200914_D00300_1050_AHH3MTBCX3/Unaligned/Project_agreaney/expt_31_lib1_abneg_S7_R1_001.fastq.gz,expt_31_lib1_abneg_S7_R1_001.fastq.gz
/shared/ngs/illumina/agreaney/200914_D00300_1050_AHH3MTBCX3/Unaligned/Project_agreaney/expt_31_lib2_abneg_S8_R1_001.fastq.gz,expt_31_lib2_abneg_S8_R1_001.fastq.gz
/shared/ngs/illumina/agreaney/201012_D00300_1079_BHHV7TBCX3/Unaligned/Project_agreaney_lane1/expt_51_lib1_abneg_S31_L001_R1_001.fastq.gz,expt_51_lib1_abneg_S31_L001_R1_001.fastq.gz
/shared/ngs/illumina/agreaney/201012_D00300_1079_BHHV7TBCX3/Unaligned/Project_agreaney_lane1/expt_51_lib2_abneg_S32_L001_R1_001.fastq.gz,expt_51_lib2_abneg_S32_L001_R1_001.fastq.gz
/shared/ngs/illumina/agreaney/201012_D00300_1079_BHHV7TBCX3/Unaligned/Project_agreaney_lane1/expt_41_lib1_abneg_S35_L001_R1_001.fastq.gz,expt_41_lib1_abneg_S35_L001_R1_001.fastq.gz
/shared/ngs/illumina/agreaney/200914_D00300_1050_AHH3MTBCX3/Unaligned/Project_agreaney/expt_41_lib2_abneg_S28_R1_001.fastq.gz,expt_41_lib2_abneg_S28_R1_001.fastq.gz
/shared/ngs/illumina/agreaney/201012_D00300_1079_BHHV7TBCX3/Unaligned/Project_agreaney_lane1/expt_45_lib1_abneg_S19_L001_R1_001.fastq.gz,expt_45_lib1_abneg_S19_L001_R1_001.fastq.gz
/shared/ngs/illumina/agreaney/201012_D00300_1079_BHHV7TBCX3/Unaligned/Project_agreaney_lane1/expt_45_lib2_abneg_S20_L001_R1_001.fastq.gz,expt_45_lib2_abneg_S20_L001_R1_001.fastq.gz
/shared/ngs/illumina/agreaney/200914_D00300_1050_AHH3MTBCX3/Unaligned/Project_agreaney/expt_38_lib1_abneg_S21_R1_001.fastq.gz,expt_38_lib1_abneg_S21_R1_001.fastq.gz
/shared/ngs/illumina/agreaney/200914_D00300_1050_AHH3MTBCX3/Unaligned/Project_agreaney/expt_38_lib2_abneg_S22_R1_001.fastq.gz,expt_38_lib2_abneg_S22_R1_001.fastq.gz
/shared/ngs/illumina/agreaney/201012_D00300_1079_BHHV7TBCX3/Unaligned/Project_agreaney_lane1/expt_47_lib1_abneg_S23_L001_R1_001.fastq.gz,expt_47_lib1_abneg_S23_L001_R1_001.fastq.gz
/shared/ngs/illumina/agreaney/201012_D00300_1079_BHHV7TBCX3/Unaligned/Project_agreaney_lane1/expt_47_lib2_abneg_S24_L001_R1_001.fastq.gz,expt_47_lib2_abneg_S24_L001_R1_001.fastq.gz
/shared/ngs/illumina/agreaney/201012_D00300_1079_BHHV7TBCX3/Unaligned/Project_agreaney_lane1/expt_46_lib1_abneg_S21_L001_R1_001.fastq.gz,expt_46_lib1_abneg_S21_L001_R1_001.fastq.gz
/shared/ngs/illumina/agreaney/201012_D00300_1079_BHHV7TBCX3/Unaligned/Project_agreaney_lane1/expt_46_lib2_abneg_S22_L001_R1_001.fastq.gz,expt_46_lib2_abneg_S22_L001_R1_001.fastq.gz
/shared/ngs/illumina/agreaney/201012_D00300_1079_BHHV7TBCX3/Unaligned/Project_agreaney_lane1/expt_50_lib1_abneg_S29_L001_R1_001.fastq.gz,expt_50_lib1_abneg_S29_L001_R1_001.fastq.gz
/shared/ngs/illumina/agreaney/201012_D00300_1079_BHHV7TBCX3/Unaligned/Project_agreaney_lane1/expt_50_lib2_abneg_S30_L001_R1_001.fastq.gz,expt_50_lib2_abneg_S30_L001_R1_001.fastq.gz
/shared/ngs/illumina/agreaney/200914_D00300_1050_AHH3MTBCX3/Unaligned/Project_agreaney/expt_34_lib1_abneg_S13_R1_001.fastq.gz,expt_34_lib1_abneg_S13_R1_001.fastq.gz
/shared/ngs/illumina/agreaney/200914_D00300_1050_AHH3MTBCX3/Unaligned/Project_agreaney/expt_34_lib2_abneg_S14_R1_001.fastq.gz,expt_34_lib2_abneg_S14_R1_001.fastq.gz
/shared/ngs/illumina/agreaney/200914_D00300_1050_AHH3MTBCX3/Unaligned/Project_agreaney/expt_39_lib1_abneg_S23_R1_001.fastq.gz,expt_39_lib1_abneg_S23_R1_001.fastq.gz
/shared/ngs/illumina/agreaney/200914_D00300_1050_AHH3MTBCX3/Unaligned/Project_agreaney/expt_39_lib2_abneg_S24_R1_001.fastq.gz,expt_39_lib2_abneg_S24_R1_001.fastq.gz
/shared/ngs/illumina/agreaney/201012_D00300_1079_BHHV7TBCX3/Unaligned/Project_agreaney_lane1/expt_44_lib1_abneg_S17_L001_R1_001.fastq.gz,expt_44_lib1_abneg_S17_L001_R1_001.fastq.gz
/shared/ngs/illumina/agreaney/201012_D00300_1079_BHHV7TBCX3/Unaligned/Project_agreaney_lane1/expt_44_lib2_abneg_S18_L001_R1_001.fastq.gz,expt_44_lib2_abneg_S18_L001_R1_001.fastq.gz
/shared/ngs/illumina/agreaney/200914_D00300_1050_AHH3MTBCX3/Unaligned/Project_agreaney/expt_35_lib1_abneg_S15_R1_001.fastq.gz,expt_35_lib1_abneg_S15_R1_001.fastq.gz
/shared/ngs/illumina/agreaney/200914_D00300_1050_AHH3MTBCX3/Unaligned/Project_agreaney/expt_35_lib2_abneg_S16_R1_001.fastq.gz,expt_35_lib2_abneg_S16_R1_001.fastq.gz
/shared/ngs/illumina/agreaney/201012_D00300_1079_BHHV7TBCX3/Unaligned/Project_agreaney_lane1/expt_49_lib1_abneg_S27_L001_R1_001.fastq.gz,expt_49_lib1_abneg_S27_L001_R1_001.fastq.gz
/shared/ngs/illumina/agreaney/201012_D00300_1079_BHHV7TBCX3/Unaligned/Project_agreaney_lane1/expt_49_lib2_abneg_S28_L001_R1_001.fastq.gz,expt_49_lib2_abneg_S28_L001_R1_001.fastq.gz
/shared/ngs/illumina/agreaney/201012_D00300_1079_BHHV7TBCX3/Unaligned/Project_agreaney_lane1/expt_48_lib1_abneg_S25_L001_R1_001.fastq.gz,expt_48_lib1_abneg_S25_L001_R1_001.fastq.gz
/shared/ngs/illumina/agreaney/201012_D00300_1079_BHHV7TBCX3/Unaligned/Project_agreaney_lane1/expt_48_lib2_abneg_S26_L001_R1_001.fastq.gz,expt_48_lib2_abneg_S26_L001_R1_001.fastq.gz
/shared/ngs/illumina/agreaney/200914_D00300_1050_AHH3MTBCX3/Unaligned/Project_agreaney/expt_32_lib1_abneg_S9_R1_001.fastq.gz,expt_32_lib1_abneg_S9_R1_001.fastq.gz
/shared/ngs/illumina/agreaney/200914_D00300_1050_AHH3MTBCX3/Unaligned/Project_agreaney/expt_32_lib2_abneg_S10_R1_001.fastq.gz,expt_32_lib2_abneg_S10_R1_001.fastq.gz
/shared/ngs/illumina/agreaney/200914_D00300_1050_AHH3MTBCX3/Unaligned/Project_agreaney/expt_33_lib1_abneg_S11_R1_001.fastq.gz,expt_33_lib1_abneg_S11_R1_001.fastq.gz
/shared/ngs/illumina/agreaney/200914_D00300_1050_AHH3MTBCX3/Unaligned/Project_agreaney/expt_33_lib2_abneg_S12_R1_001.fastq.gz,expt_33_lib2_abneg_S12_R1_001.fastq.gz
/shared/ngs/illumina/agreaney/200914_D00300_1050_AHH3MTBCX3/Unaligned/Project_agreaney/expt_30_lib1_abneg_S5_R1_001.fastq.gz,expt_30_lib1_abneg_S5_R1_001.fastq.gz
/shared/ngs/illumina/agreaney/200914_D00300_1050_AHH3MTBCX3/Unaligned/Project_agreaney/expt_30_lib2_abneg_S6_R1_001.fastq.gz,expt_30_lib2_abneg_S6_R1_001.fastq.gz
/shared/ngs/illumina/agreaney/201012_D00300_1079_BHHV7TBCX3/Unaligned/Project_agreaney_lane1/expt_42_lib1_abneg_S13_L001_R1_001.fastq.gz,expt_42_lib1_abneg_S13_L001_R1_001.fastq.gz
/shared/ngs/illumina/agreaney/201012_D00300_1079_BHHV7TBCX3/Unaligned/Project_agreaney_lane1/expt_42_lib2_abneg_S14_L001_R1_001.fastq.gz,expt_42_lib2_abneg_S14_L001_R1_001.fastq.gz
/shared/ngs/illumina/agreaney/201012_D00300_1079_BHHV7TBCX3/Unaligned/Project_agreaney_lane1/expt_43_lib1_abneg_S15_L001_R1_001.fastq.gz,expt_43_lib1_abneg_S15_L001_R1_001.fastq.gz
/shared/ngs/illumina/agreaney/201012_D00300_1079_BHHV7TBCX3/Unaligned/Project_agreaney_lane1/expt_43_lib2_abneg_S16_L001_R1_001.fastq.gz,expt_43_lib2_abneg_S16_L001_R1_001.fastq.gz
/shared/ngs/illumina/agreaney/200914_D00300_1050_AHH3MTBCX3/Unaligned/Project_agreaney/expt_36_lib1_abneg_S17_R1_001.fastq.gz,expt_36_lib1_abneg_S17_R1_001.fastq.gz
/shared/ngs/illumina/agreaney/200914_D00300_1050_AHH3MTBCX3/Unaligned/Project_agreaney/expt_36_lib2_abneg_S18_R1_001.fastq.gz,expt_36_lib2_abneg_S18_R1_001.fastq.gz
